{
    "CENTRO OFTALMOLOGICO DE MINAS GERAIS": {
        "TECNICO EM RADIOLOGIA E IMAGENOLOGIA": 0,
        "FISIOTERAPEUTA GERAL": 0,
        "AUXILIAR DE ENFERMAGEM": 0.0,
        "MEDICO PEDIATRA": 0,
        "ENFERMEIRO": 7.399999999999999,
        "TECNICO EM PATOLOGIA CLINICA": 0,
        "MEDICO ANESTESIOLOGISTA": 5.249999999999998,
        "MEDICO RESIDENTE": 0,
        "TECNICO DE ENFERMAGEM": 13.725000000000009,
        "MEDICO CLINICO": 0.05
    },
    "ASSOCIACAO MARIO PENNA": {
        "TECNICO EM RADIOLOGIA E IMAGENOLOGIA": 28.400000000000006,
        "FISIOTERAPEUTA GERAL": 39.55,
        "AUXILIAR DE ENFERMAGEM": 254.92500000000032,
        "MEDICO PEDIATRA": 0,
        "ENFERMEIRO": 262.04999999999956,
        "TECNICO EM PATOLOGIA CLINICA": 7.950000000000001,
        "MEDICO ANESTESIOLOGISTA": 2.774999999999999,
        "MEDICO RESIDENTE": 8.200000000000012,
        "TECNICO DE ENFERMAGEM": 763.9500000000081,
        "MEDICO CLINICO": 34.29999999999999
    },
    "HOSPITAL SOFIA FELDMAN": {
        "TECNICO EM RADIOLOGIA E IMAGENOLOGIA": 0.0,
        "FISIOTERAPEUTA GERAL": 24.125000000000014,
        "AUXILIAR DE ENFERMAGEM": 0.9,
        "MEDICO PEDIATRA": 35.55000000000001,
        "ENFERMEIRO": 70.67500000000003,
        "TECNICO EM PATOLOGIA CLINICA": 0.0,
        "MEDICO ANESTESIOLOGISTA": 5.6000000000000005,
        "MEDICO RESIDENTE": 1.0,
        "TECNICO DE ENFERMAGEM": 410.1500000000026,
        "MEDICO CLINICO": 0.375
    },
    "HOSPITAL RISOLETA TOLENTINO NEVES": {
        "TECNICO EM RADIOLOGIA E IMAGENOLOGIA": 15.000000000000014,
        "FISIOTERAPEUTA GERAL": 24.55,
        "AUXILIAR DE ENFERMAGEM": 0.55,
        "MEDICO PEDIATRA": 7.925000000000002,
        "ENFERMEIRO": 111.24999999999993,
        "TECNICO EM PATOLOGIA CLINICA": 27.975000000000023,
        "MEDICO ANESTESIOLOGISTA": 8.725000000000005,
        "MEDICO RESIDENTE": 50.25,
        "TECNICO DE ENFERMAGEM": 398.4500000000051,
        "MEDICO CLINICO": 35.449999999999946
    },
    "HOSPITAL METROPOLITANO ODILON BEHRENS HOB": {
        "TECNICO EM RADIOLOGIA E IMAGENOLOGIA": 14.300000000000013,
        "FISIOTERAPEUTA GERAL": 39.10000000000001,
        "AUXILIAR DE ENFERMAGEM": 32.3,
        "MEDICO PEDIATRA": 58.849999999999795,
        "ENFERMEIRO": 142.20000000000005,
        "TECNICO EM PATOLOGIA CLINICA": 40.15,
        "MEDICO ANESTESIOLOGISTA": 26.950000000000003,
        "MEDICO RESIDENTE": 87.0,
        "TECNICO DE ENFERMAGEM": 599.7249999999999,
        "MEDICO CLINICO": 56.69999999999983
    },
    "HOSPITAL FELICIO ROCHO": {
        "TECNICO EM RADIOLOGIA E IMAGENOLOGIA": 5.5249999999999995,
        "FISIOTERAPEUTA GERAL": 16.175,
        "AUXILIAR DE ENFERMAGEM": 27.899999999999995,
        "MEDICO PEDIATRA": 10.599999999999978,
        "ENFERMEIRO": 115.22499999999994,
        "TECNICO EM PATOLOGIA CLINICA": 2.9000000000000004,
        "MEDICO ANESTESIOLOGISTA": 12.200000000000005,
        "MEDICO RESIDENTE": 0.1,
        "TECNICO DE ENFERMAGEM": 453.4999999999943,
        "MEDICO CLINICO": 54.20000000000044
    },
    "COMPLEXO HOSPITALAR SAO FRANCISCO": {
        "TECNICO EM RADIOLOGIA E IMAGENOLOGIA": 7.074999999999999,
        "FISIOTERAPEUTA GERAL": 2.025,
        "AUXILIAR DE ENFERMAGEM": 1.3,
        "MEDICO PEDIATRA": 0,
        "ENFERMEIRO": 83.27499999999988,
        "TECNICO EM PATOLOGIA CLINICA": 8.85,
        "MEDICO ANESTESIOLOGISTA": 6.774999999999987,
        "MEDICO RESIDENTE": 14.25,
        "TECNICO DE ENFERMAGEM": 382.52500000000407,
        "MEDICO CLINICO": 29.82500000000012
    },
    "HOSPITAL JOAO XXIII": {
        "TECNICO EM RADIOLOGIA E IMAGENOLOGIA": 31.850000000000016,
        "FISIOTERAPEUTA GERAL": 47.400000000000006,
        "AUXILIAR DE ENFERMAGEM": 171.25,
        "MEDICO PEDIATRA": 27.45000000000001,
        "ENFERMEIRO": 205.55,
        "TECNICO EM PATOLOGIA CLINICA": 38.02499999999997,
        "MEDICO ANESTESIOLOGISTA": 17.92500000000001,
        "MEDICO RESIDENTE": 42.8,
        "TECNICO DE ENFERMAGEM": 797.375,
        "MEDICO CLINICO": 104.02499999999998
    },
    "HOSP DAS CLINICAS DA UNIV FED DE MINAS GERAIS EBSERH": {
        "TECNICO EM RADIOLOGIA E IMAGENOLOGIA": 14.500000000000005,
        "FISIOTERAPEUTA GERAL": 36.525,
        "AUXILIAR DE ENFERMAGEM": 72.5,
        "MEDICO PEDIATRA": 43.649999999999956,
        "ENFERMEIRO": 223.34999999999948,
        "TECNICO EM PATOLOGIA CLINICA": 50.675,
        "MEDICO ANESTESIOLOGISTA": 37.20000000000001,
        "MEDICO RESIDENTE": 413.825,
        "TECNICO DE ENFERMAGEM": 359.77499999999736,
        "MEDICO CLINICO": 70.25
    },
    "HOSPITAL MADRE TERESA": {
        "TECNICO EM RADIOLOGIA E IMAGENOLOGIA": 14.400000000000013,
        "FISIOTERAPEUTA GERAL": 3.1499999999999946,
        "AUXILIAR DE ENFERMAGEM": 3.3,
        "MEDICO PEDIATRA": 0,
        "ENFERMEIRO": 80.7249999999998,
        "TECNICO EM PATOLOGIA CLINICA": 3.9499999999999997,
        "MEDICO ANESTESIOLOGISTA": 1.3749999999999991,
        "MEDICO RESIDENTE": 0,
        "TECNICO DE ENFERMAGEM": 343.70000000000397,
        "MEDICO CLINICO": 6.550000000000015
    },
    "LIFECENTER SISTEMA DE SAUDE S A": {
        "TECNICO EM RADIOLOGIA E IMAGENOLOGIA": 0,
        "FISIOTERAPEUTA GERAL": 0,
        "AUXILIAR DE ENFERMAGEM": 0,
        "MEDICO PEDIATRA": 0,
        "ENFERMEIRO": 0,
        "TECNICO EM PATOLOGIA CLINICA": 0,
        "MEDICO ANESTESIOLOGISTA": 0,
        "MEDICO RESIDENTE": 0,
        "TECNICO DE ENFERMAGEM": 0,
        "MEDICO CLINICO": 0
    },
    "OCULARE CENTRO DE OFTALMOLOGIA": {
        "TECNICO EM RADIOLOGIA E IMAGENOLOGIA": 0,
        "FISIOTERAPEUTA GERAL": 0,
        "AUXILIAR DE ENFERMAGEM": 0,
        "MEDICO PEDIATRA": 0,
        "ENFERMEIRO": 0,
        "TECNICO EM PATOLOGIA CLINICA": 0,
        "MEDICO ANESTESIOLOGISTA": 0,
        "MEDICO RESIDENTE": 0,
        "TECNICO DE ENFERMAGEM": 0,
        "MEDICO CLINICO": 0
    },
    "SANTA CASA DE BELO HORIZONTE": {
        "TECNICO EM RADIOLOGIA E IMAGENOLOGIA": 69.05000000000007,
        "FISIOTERAPEUTA GERAL": 152.19999999999993,
        "AUXILIAR DE ENFERMAGEM": 70.17500000000004,
        "MEDICO PEDIATRA": 28.80000000000003,
        "ENFERMEIRO": 554.5249999999997,
        "TECNICO EM PATOLOGIA CLINICA": 15.474999999999998,
        "MEDICO ANESTESIOLOGISTA": 59.92500000000032,
        "MEDICO RESIDENTE": 66.75000000000048,
        "TECNICO DE ENFERMAGEM": 2262.3749999999995,
        "MEDICO CLINICO": 102.62499999999946
    },
    "HOSPITAL MATERMED": {
        "TECNICO EM RADIOLOGIA E IMAGENOLOGIA": 0,
        "FISIOTERAPEUTA GERAL": 0,
        "AUXILIAR DE ENFERMAGEM": 0,
        "MEDICO PEDIATRA": 0,
        "ENFERMEIRO": 0,
        "TECNICO EM PATOLOGIA CLINICA": 0,
        "MEDICO ANESTESIOLOGISTA": 0,
        "MEDICO RESIDENTE": 0,
        "TECNICO DE ENFERMAGEM": 0,
        "MEDICO CLINICO": 0
    },
    "HOSPITAL METROPOLITANO DOUTOR CELIO DE CASTRO HMDCC": {
        "TECNICO EM RADIOLOGIA E IMAGENOLOGIA": 11.550000000000004,
        "FISIOTERAPEUTA GERAL": 4.050000000000001,
        "AUXILIAR DE ENFERMAGEM": 16.0,
        "MEDICO PEDIATRA": 0,
        "ENFERMEIRO": 77.6000000000001,
        "TECNICO EM PATOLOGIA CLINICA": 23.825,
        "MEDICO ANESTESIOLOGISTA": 10.950000000000001,
        "MEDICO RESIDENTE": 36.975,
        "TECNICO DE ENFERMAGEM": 349.2,
        "MEDICO CLINICO": 27.400000000000006
    },
    "IMOL INSTITUTO MINEIRO DE OLHOS": {
        "TECNICO EM RADIOLOGIA E IMAGENOLOGIA": 0,
        "FISIOTERAPEUTA GERAL": 0,
        "AUXILIAR DE ENFERMAGEM": 0,
        "MEDICO PEDIATRA": 0,
        "ENFERMEIRO": 0.5,
        "TECNICO EM PATOLOGIA CLINICA": 0,
        "MEDICO ANESTESIOLOGISTA": 0,
        "MEDICO RESIDENTE": 0,
        "TECNICO DE ENFERMAGEM": 0.25,
        "MEDICO CLINICO": 0
    },
    "HOSPITAL DA BALEIA": {
        "TECNICO EM RADIOLOGIA E IMAGENOLOGIA": 5.849999999999999,
        "FISIOTERAPEUTA GERAL": 14.025,
        "AUXILIAR DE ENFERMAGEM": 6.300000000000002,